Foam Pillow,aHR0cHM6Ly93d3cudG9tb3Jyb3dzbGVlcC5jb20vbWVtb3J5LWZvYW0tcGlsbG93/product/212/,,,,212
Plush Pillow,aHR0cHM6Ly93d3cudG9tb3Jyb3dzbGVlcC5jb20vaHlwb2FsbGVyZ2VuaWMtcGlsbG93/product/209/,,,,209
Comforter King,aHR0cHM6Ly93d3cudG9tb3Jyb3dzbGVlcC5jb20vY29tZm9ydGVy/product/275/,50,,,275
Comforter Twin,aHR0cHM6Ly93d3cudG9tb3Jyb3dzbGVlcC5jb20vY29tZm9ydGVy/product/275/,44,,,275
Comforter Full/Queen,aHR0cHM6Ly93d3cudG9tb3Jyb3dzbGVlcC5jb20vY29tZm9ydGVy/product/275/,47,,,275
Sheet Set Queen,aHR0cHM6Ly93d3cudG9tb3Jyb3dzbGVlcC5jb20vc2hlZXRz/product/290/,16,,,290
Sheet Set Twin,aHR0cHM6Ly93d3cudG9tb3Jyb3dzbGVlcC5jb20vc2hlZXRz/product/290/,13,,,290
Sheet Set Twin XL,aHR0cHM6Ly93d3cudG9tb3Jyb3dzbGVlcC5jb20vc2hlZXRz/product/290/,14,,,290
Sheet Set King,aHR0cHM6Ly93d3cudG9tb3Jyb3dzbGVlcC5jb20vc2hlZXRz/product/290/,17,,,290
Sheet Set Full,aHR0cHM6Ly93d3cudG9tb3Jyb3dzbGVlcC5jb20vc2hlZXRz/product/290/,15,,,290
Sheet Set Cal. King,aHR0cHM6Ly93d3cudG9tb3Jyb3dzbGVlcC5jb20vc2hlZXRz/product/290/,18,,,290
Protector Queen,aHR0cHM6Ly93d3cudG9tb3Jyb3dzbGVlcC5jb20vbWF0dHJlc3MtcHJvdGVjdG9y/product/278/,16,,,278
Protector Full,aHR0cHM6Ly93d3cudG9tb3Jyb3dzbGVlcC5jb20vbWF0dHJlc3MtcHJvdGVjdG9y/product/278/,15,,,278
Platform Bed Queen,aHR0cHM6Ly93d3cudG9tb3Jyb3dzbGVlcC5jb20vZm91bmRhdGlvbg%2C%2C/product/368/,16,,,368
Platform Bed Twin,aHR0cHM6Ly93d3cudG9tb3Jyb3dzbGVlcC5jb20vZm91bmRhdGlvbg%2C%2C/product/368/,13,,,368
Platform Bed Twin XL,aHR0cHM6Ly93d3cudG9tb3Jyb3dzbGVlcC5jb20vZm91bmRhdGlvbg%2C%2C/product/368/,14,,,368
Platform Bed King,aHR0cHM6Ly93d3cudG9tb3Jyb3dzbGVlcC5jb20vZm91bmRhdGlvbg%2C%2C/product/368/,17,,,368
Platform Bed Full,aHR0cHM6Ly93d3cudG9tb3Jyb3dzbGVlcC5jb20vZm91bmRhdGlvbg%2C%2C/product/368/,15,,,368
Platform Bed Cal. King,aHR0cHM6Ly93d3cudG9tb3Jyb3dzbGVlcC5jb20vZm91bmRhdGlvbg%2C%2C/product/368/,18,,,368
Adjustable Bed Queen,aHR0cHM6Ly93d3cudG9tb3Jyb3dzbGVlcC5jb20vdG9tb3Jyb3ctYWRqdXN0YWJsZS1iYXNl/product/338/,16,,,338
Adjustable Bed Twin XL,aHR0cHM6Ly93d3cudG9tb3Jyb3dzbGVlcC5jb20vdG9tb3Jyb3ctYWRqdXN0YWJsZS1iYXNl/product/338/,14,,,338
Adjustable Bed Split King,aHR0cHM6Ly93d3cudG9tb3Jyb3dzbGVlcC5jb20vdG9tb3Jyb3ctYWRqdXN0YWJsZS1iYXNl/product/338/,98,,,338
Sleeptracker One,aHR0cHM6Ly93d3cudG9tb3Jyb3dzbGVlcC5jb20vdG9tb3Jyb3ctc2xlZXB0cmFja2Vyci1tb25pdG9y/product/296/,71,,,296
Sleeptracker Two,aHR0cHM6Ly93d3cudG9tb3Jyb3dzbGVlcC5jb20vdG9tb3Jyb3ctc2xlZXB0cmFja2Vyci1tb25pdG9y/product/296/,74,,,296
Bundle,aHR0cHM6Ly93d3cudG9tb3Jyb3dzbGVlcC5jb20vbGltaXRlZC1lZGl0aW9uLWJ1bmRsZQ%2C%2C/product/416/,16,,,416
Memory Foam Mattress Queen,aHR0cHM6Ly93d3cudG9tb3Jyb3dzbGVlcC5jb20vbWVtb3J5LWZvYW0tbWF0dHJlc3M%2C/product/393/,16,,,393
Memory Foam Mattress Twin,aHR0cHM6Ly93d3cudG9tb3Jyb3dzbGVlcC5jb20vbWVtb3J5LWZvYW0tbWF0dHJlc3M%2C/product/393/,13,,,393
Memory Foam Mattress Twin XL,aHR0cHM6Ly93d3cudG9tb3Jyb3dzbGVlcC5jb20vbWVtb3J5LWZvYW0tbWF0dHJlc3M%2C/product/393/,14,,,393
Memory Foam Mattress King,aHR0cHM6Ly93d3cudG9tb3Jyb3dzbGVlcC5jb20vbWVtb3J5LWZvYW0tbWF0dHJlc3M%2C/product/393/,17,,,393
Memory Foam Mattress Full,aHR0cHM6Ly93d3cudG9tb3Jyb3dzbGVlcC5jb20vbWVtb3J5LWZvYW0tbWF0dHJlc3M%2C/product/393/,15,,,393
Memory Foam Mattress Cal. King,aHR0cHM6Ly93d3cudG9tb3Jyb3dzbGVlcC5jb20vbWVtb3J5LWZvYW0tbWF0dHJlc3M%2C/product/393/,18,,,393
Hybrid Mattress Soft Queen,aHR0cHM6Ly93d3cudG9tb3Jyb3dzbGVlcC5jb20vbWF0dHJlc3Nlcw%2C%2C/product/5/,16,21,,5
Hybrid Mattress Soft Twin,aHR0cHM6Ly93d3cudG9tb3Jyb3dzbGVlcC5jb20vbWF0dHJlc3Nlcw%2C%2C/product/5/,13,21,,5
Hybrid Mattress Soft Twin XL,aHR0cHM6Ly93d3cudG9tb3Jyb3dzbGVlcC5jb20vbWF0dHJlc3Nlcw%2C%2C/product/5/,14,21,,5
Hybrid Mattress Soft King,aHR0cHM6Ly93d3cudG9tb3Jyb3dzbGVlcC5jb20vbWF0dHJlc3Nlcw%2C%2C/product/5/,17,21,,5
Hybrid Mattress Soft Full,aHR0cHM6Ly93d3cudG9tb3Jyb3dzbGVlcC5jb20vbWF0dHJlc3Nlcw%2C%2C/product/5/,15,21,,5
Hybrid Mattress Soft Cal. King,aHR0cHM6Ly93d3cudG9tb3Jyb3dzbGVlcC5jb20vbWF0dHJlc3Nlcw%2C%2C/product/5/,18,21,,5
Hybrid Mattress Firm Queen,aHR0cHM6Ly93d3cudG9tb3Jyb3dzbGVlcC5jb20vbWF0dHJlc3Nlcw%2C%2C/product/5/,16,22,,5
Hybrid Mattress Firm Twin,aHR0cHM6Ly93d3cudG9tb3Jyb3dzbGVlcC5jb20vbWF0dHJlc3Nlcw%2C%2C/product/5/,13,22,,5
Hybrid Mattress Firm Twin XL,aHR0cHM6Ly93d3cudG9tb3Jyb3dzbGVlcC5jb20vbWF0dHJlc3Nlcw%2C%2C/product/5/,14,22,,5
Hybrid Mattress Firm King,aHR0cHM6Ly93d3cudG9tb3Jyb3dzbGVlcC5jb20vbWF0dHJlc3Nlcw%2C%2C/product/5/,17,22,,5
Hybrid Mattress Firm Full,aHR0cHM6Ly93d3cudG9tb3Jyb3dzbGVlcC5jb20vbWF0dHJlc3Nlcw%2C%2C/product/5/,15,22,,5
Hybrid Mattress Firm Cal. King,aHR0cHM6Ly93d3cudG9tb3Jyb3dzbGVlcC5jb20vbWF0dHJlc3Nlcw%2C%2C/product/5/,18,22,,5
Curtains Linen 63 Inches,aHR0cHM6Ly93d3cudG9tb3Jyb3dzbGVlcC5jb20vZHJhcGVz/product/281/,56,,20,281
Curtains Linen 84 Inches,aHR0cHM6Ly93d3cudG9tb3Jyb3dzbGVlcC5jb20vZHJhcGVz/product/281/,59,,20,281
Curtains Linen 95 Inches,aHR0cHM6Ly93d3cudG9tb3Jyb3dzbGVlcC5jb20vZHJhcGVz/product/281/,62,,20,281
Curtains Linen 108 Inches,aHR0cHM6Ly93d3cudG9tb3Jyb3dzbGVlcC5jb20vZHJhcGVz/product/281/,65,,20,281
Curtains Teak 63 Inches,aHR0cHM6Ly93d3cudG9tb3Jyb3dzbGVlcC5jb20vZHJhcGVz/product/281/,56,,38,281
Curtains Teak 84 Inches,aHR0cHM6Ly93d3cudG9tb3Jyb3dzbGVlcC5jb20vZHJhcGVz/product/281/,59,,38,281
Curtains Teak 95 Inches,aHR0cHM6Ly93d3cudG9tb3Jyb3dzbGVlcC5jb20vZHJhcGVz/product/281/,62,,38,281
Curtains Teak 108 Inches,aHR0cHM6Ly93d3cudG9tb3Jyb3dzbGVlcC5jb20vZHJhcGVz/product/281/,65,,38,281
Curtains Smoke 63 Inches,aHR0cHM6Ly93d3cudG9tb3Jyb3dzbGVlcC5jb20vZHJhcGVz/product/281/,56,,39,281
Curtains Smoke 84 Inches,aHR0cHM6Ly93d3cudG9tb3Jyb3dzbGVlcC5jb20vZHJhcGVz/product/281/,59,,39,281
Curtains Smoke 95 Inches,aHR0cHM6Ly93d3cudG9tb3Jyb3dzbGVlcC5jb20vZHJhcGVz/product/281/,62,,39,281
Curtains Smoke 108 Inches,aHR0cHM6Ly93d3cudG9tb3Jyb3dzbGVlcC5jb20vZHJhcGVz/product/281/,65,,39,281
Curtains Blue 63 Inches,aHR0cHM6Ly93d3cudG9tb3Jyb3dzbGVlcC5jb20vZHJhcGVz/product/281/,56,,95,281
Curtains Blue 84 Inches,aHR0cHM6Ly93d3cudG9tb3Jyb3dzbGVlcC5jb20vZHJhcGVz/product/281/,59,,95,281
Curtains Blue 95 Inches,aHR0cHM6Ly93d3cudG9tb3Jyb3dzbGVlcC5jb20vZHJhcGVz/product/281/,62,,95,281
Curtains Blue 108 Inches,aHR0cHM6Ly93d3cudG9tb3Jyb3dzbGVlcC5jb20vZHJhcGVz/product/281/,65,,95,281